Human_ID,group_day14,ENSEMBL_ID,HGNC symbol,hgnc_symbol,merged_hgnc
Hum_XLOC_000006,Partially shared,ENSG00000237491,LINC01409,LINC01409,LINC01409
Hum_XLOC_000108,Cell-type specific,,,,
Hum_XLOC_000134,Partially shared,,,,
Hum_XLOC_000242,Partially shared,ENSG00000261135|ENSG00000224174,,,
Hum_XLOC_000286,Cell-type specific,ENSG00000230424,EMC1-AS1,EMC1-AS1,EMC1-AS1
Hum_XLOC_000314,Partially shared,ENSG00000203394,,,
Hum_XLOC_000345,Cell-type specific,,,,
Hum_XLOC_000436,Cell-type specific,ENSG00000237429,,,
Hum_XLOC_000456,Cell-type specific,ENSG00000229388|ENSG00000270103,,,
Hum_XLOC_000474,Cell-type specific,,,,
Hum_XLOC_000556,Cell-type specific,,,,
Hum_XLOC_000601,Partially shared,ENSG00000228436,RRAGC-DT,RRAGC-DT,RRAGC-DT
Hum_XLOC_000636,Partially shared,,SLFNL1-AS1,SLFNL1-AS1,SLFNL1-AS1
Hum_XLOC_000854,Cell-type specific,ENSG00000234807,LINC01135,LINC01135,LINC01135
Hum_XLOC_001138,Cell-type specific,ENSG00000235501,CNN3-DT,CNN3-DT,CNN3-DT
Hum_XLOC_001306,Cell-type specific,ENSG00000224167,LINC01357,LINC01357,LINC01357
Hum_XLOC_001308,Shared,ENSG00000226419,SLC16A1-AS1,SLC16A1-AS1,SLC16A1-AS1
Hum_XLOC_001366,Partially shared,ENSG00000231365,WARS2-AS1,WARS2-AS1,WARS2-AS1
Hum_XLOC_001490,Cell-type specific,ENSG00000230186,,,
Hum_XLOC_001580,Partially shared,,,,
Hum_XLOC_001592,Shared,,,,
Hum_XLOC_001615,Cell-type specific,ENSG00000235919|ENSG00000225082,ASH1L-AS1,ASH1L-AS1,ASH1L-AS1
Hum_XLOC_001731,Partially shared,,,,
Hum_XLOC_001773,Partially shared,ENSG00000224358,TMCO1-AS1,TMCO1-AS1,TMCO1-AS1
Hum_XLOC_001809,Cell-type specific,,,,
Hum_XLOC_001845,Partially shared,,,,
Hum_XLOC_001961,Cell-type specific,,,,
Hum_XLOC_002024,Cell-type specific,ENSG00000230623,,,
Hum_XLOC_002028,Partially shared,ENSG00000260088,DDX59-AS1,DDX59-AS1,DDX59-AS1
Hum_XLOC_002061,Cell-type specific,ENSG00000234996|ENSG00000243113,,,
Hum_XLOC_002068,Partially shared,,,,
Hum_XLOC_002134,Partially shared,,,,
Hum_XLOC_002170,Cell-type specific,ENSG00000229258,LPGAT1-AS1,LPGAT1-AS1,LPGAT1-AS1
Hum_XLOC_002265,Partially shared,ENSG00000237101,,,
Hum_XLOC_002302,Partially shared,,,,
Hum_XLOC_002311,Cell-type specific,,,,
Hum_XLOC_002314,Partially shared,ENSG00000231563,,,
Hum_XLOC_002408,Partially shared,,,,
Hum_XLOC_002471,Cell-type specific,,,,
Hum_XLOC_002493,Partially shared,,,,
Hum_XLOC_002525,Partially shared,,,,
Hum_XLOC_002560,Partially shared,ENSG00000233542,,,
Hum_XLOC_002631,Cell-type specific,ENSG00000270171|ENSG00000270035|ENSG00000269978,,,
Hum_XLOC_002646,Partially shared,ENSG00000231789,PIK3CD-AS2,PIK3CD-AS2,PIK3CD-AS2
Hum_XLOC_002836,Partially shared,ENSG00000261326,LINC01355,LINC01355,LINC01355
Hum_XLOC_002844,Cell-type specific,ENSG00000236810,ELOA-AS1,ELOA-AS1,ELOA-AS1
Hum_XLOC_002901,Partially shared,,,,
Hum_XLOC_002937,Cell-type specific,,SNHG3,SNHG3,SNHG3
Hum_XLOC_002986,Cell-type specific,ENSG00000220785,,,
Hum_XLOC_003061,Cell-type specific,ENSG00000233621,ZC3H12A-DT,ZC3H12A-DT,ZC3H12A-DT
Hum_XLOC_003086,Cell-type specific,ENSG00000182109|ENSG00000243970,,,
Hum_XLOC_003109,Cell-type specific,ENSG00000272145|ENSG00000237899,NFYC-AS1,NFYC-AS1,NFYC-AS1
Hum_XLOC_003134,Cell-type specific,,,,
Hum_XLOC_003155,Shared,ENSG00000237950,,,
Hum_XLOC_003163,Partially shared,ENSG00000233514,,,
Hum_XLOC_003209,Cell-type specific,ENSG00000225506,LINC00853,LINC00853,LINC00853
Hum_XLOC_003221,Cell-type specific,,,,
Hum_XLOC_003334,Partially shared,ENSG00000226476|ENSG00000231252,LINC01748,LINC01748,LINC01748
Hum_XLOC_003352,Cell-type specific,ENSG00000230798,FOXD3-AS1,FOXD3-AS1,FOXD3-AS1
Hum_XLOC_003371,Cell-type specific,,,,
Hum_XLOC_003532,Cell-type specific,ENSG00000233593,LINC02609,LINC02609,LINC02609
Hum_XLOC_003543,Partially shared,,,,
Hum_XLOC_003554,Partially shared,ENSG00000223745,CCDC18-AS1,CCDC18-AS1,CCDC18-AS1
Hum_XLOC_003598,Partially shared,ENSG00000224616,RTCA-AS1,RTCA-AS1,RTCA-AS1
Hum_XLOC_003795,Cell-type specific,ENSG00000236933,,,
Hum_XLOC_003801,Cell-type specific,ENSG00000234978,,,
Hum_XLOC_003806,Cell-type specific,ENSG00000185044,,,
Hum_XLOC_003891,Cell-type specific,ENSG00000233368,,,
Hum_XLOC_004020,Partially shared,,,,
Hum_XLOC_004069,Cell-type specific,ENSG00000176320|ENSG00000229914,,,
Hum_XLOC_004123,Partially shared,,,,
Hum_XLOC_004254,Shared,ENSG00000234741,GAS5,GAS5,GAS5
Hum_XLOC_004293,Partially shared,,,,
Hum_XLOC_004411,Cell-type specific,,,,
Hum_XLOC_004424,Cell-type specific,,,,
Hum_XLOC_004515,Partially shared,,PPP1R15B-AS1,PPP1R15B-AS1,PPP1R15B-AS1
Hum_XLOC_004601,Cell-type specific,,,,
Hum_XLOC_004617,Cell-type specific,,,,
Hum_XLOC_004636,Cell-type specific,,,,
Hum_XLOC_004691,Cell-type specific,,,,
Hum_XLOC_004710,Partially shared,ENSG00000272645|ENSG00000232372,,,
Hum_XLOC_004717,Cell-type specific,ENSG00000233384,CNIH3-AS2,CNIH3-AS2,CNIH3-AS2
Hum_XLOC_004813,Partially shared,ENSG00000233461,,,
Hum_XLOC_004979,Cell-type specific,ENSG00000229869,LARP4B-DT,LARP4B-DT,LARP4B-DT
Hum_XLOC_005151,Cell-type specific,,,,
Hum_XLOC_005372,Cell-type specific,,,,
Hum_XLOC_005385,Partially shared,ENSG00000230555,LINC02916,LINC02916,LINC02916
Hum_XLOC_005529,Cell-type specific,ENSG00000272767,JMJD1C-AS1,JMJD1C-AS1,JMJD1C-AS1
Hum_XLOC_005571,Cell-type specific,,,,
Hum_XLOC_005624,Cell-type specific,ENSG00000227540,,,
Hum_XLOC_005668,Cell-type specific,,,,
Hum_XLOC_005690,Partially shared,ENSG00000244733,,,
Hum_XLOC_005697,Partially shared,,,,
Hum_XLOC_005873,Cell-type specific,ENSG00000224934,GOT1-DT,GOT1-DT,GOT1-DT
Hum_XLOC_005888,Partially shared,ENSG00000235823,OLMALINC,OLMALINC,OLMALINC
Hum_XLOC_006040,Cell-type specific,ENSG00000232767,HSPA12A-AS1,HSPA12A-AS1,HSPA12A-AS1
Hum_XLOC_006269,Cell-type specific,ENSG00000273001,PFKP-DT,PFKP-DT,PFKP-DT
Hum_XLOC_006547,Partially shared,,,,
Hum_XLOC_006756,Cell-type specific,,,,
Hum_XLOC_006820,Cell-type specific,,,,
Hum_XLOC_006881,Partially shared,,,,
Hum_XLOC_006941,Partially shared,ENSG00000226381,,,
Hum_XLOC_007056,Cell-type specific,ENSG00000231829,,,
Hum_XLOC_007118,Partially shared,ENSG00000273162,,,
Hum_XLOC_007287,Partially shared,ENSG00000227165,WDR11-DT,WDR11-DT,WDR11-DT
Hum_XLOC_007442,Cell-type specific,ENSG00000251661|ENSG00000255328,,,
Hum_XLOC_007468,Cell-type specific,,,,
Hum_XLOC_007496,Cell-type specific,ENSG00000232987,LINC01219,LINC01219,LINC01219
Hum_XLOC_007589,Partially shared,ENSG00000254860,TMEM9B-AS1,TMEM9B-AS1,TMEM9B-AS1
Hum_XLOC_007599,Partially shared,ENSG00000246273,SBF2-AS1,SBF2-AS1,SBF2-AS1
Hum_XLOC_007652,Cell-type specific,ENSG00000184669,,,
Hum_XLOC_007765,Shared,ENSG00000247151|ENSG00000241255,CSTF3-DT,CSTF3-DT,CSTF3-DT
Hum_XLOC_007880,Partially shared,,,,
Hum_XLOC_007899,Cell-type specific,ENSG00000254662,,,
Hum_XLOC_008064,Cell-type specific,,,,
Hum_XLOC_008076,Shared,ENSG00000245532,NEAT1,NEAT1,NEAT1
Hum_XLOC_008081,Shared,ENSG00000251562,MALAT1,MALAT1,MALAT1
Hum_XLOC_008245,Cell-type specific,ENSG00000256034,,,
Hum_XLOC_008323,Shared,ENSG00000227097,,,
Hum_XLOC_008469,Cell-type specific,ENSG00000255337,TMEM123-DT,TMEM123-DT,TMEM123-DT
Hum_XLOC_008525,Partially shared,ENSG00000254416,LINC02732,LINC02732,LINC02732
Hum_XLOC_008621,Partially shared,,,,
Hum_XLOC_008664,Cell-type specific,,,,
Hum_XLOC_008683,Partially shared,ENSG00000245498,MSANTD2-AS1,MSANTD2-AS1,MSANTD2-AS1
Hum_XLOC_008702,Partially shared,ENSG00000254759,,,
Hum_XLOC_008797,Cell-type specific,,,,
Hum_XLOC_008843,Cell-type specific,ENSG00000130600,H19,H19,H19
Hum_XLOC_008855,Cell-type specific,,CD81-AS1,CD81-AS1,CD81-AS1
Hum_XLOC_008863,Partially shared,ENSG00000269821,KCNQ1OT1,KCNQ1OT1,KCNQ1OT1
Hum_XLOC_008869,Cell-type specific,,,,
Hum_XLOC_008956,Cell-type specific,ENSG00000254554,ADM-DT,ADM-DT,ADM-DT
Hum_XLOC_008965,Partially shared,ENSG00000250041,ZBED5-AS1,ZBED5-AS1,ZBED5-AS1
Hum_XLOC_009083,Cell-type specific,ENSG00000254560,BBOX1-AS1,BBOX1-AS1,BBOX1-AS1
Hum_XLOC_009143,Partially shared,,,,
Hum_XLOC_009248,Cell-type specific,ENSG00000255197,,,
Hum_XLOC_009296,Partially shared,ENSG00000245571,FAM111A-DT,FAM111A-DT,FAM111A-DT
Hum_XLOC_009299,Partially shared,ENSG00000255008,LINC02739,LINC02739,LINC02739
Hum_XLOC_009372,Cell-type specific,ENSG00000255717,SNHG1,SNHG1,SNHG1
Hum_XLOC_009389,Cell-type specific,,,,
Hum_XLOC_009422,Cell-type specific,ENSG00000254501,,,
Hum_XLOC_009472,Cell-type specific,,,,
Hum_XLOC_009594,Cell-type specific,,,,
Hum_XLOC_009605,Cell-type specific,ENSG00000255135,EMSY-DT,EMSY-DT,EMSY-DT
Hum_XLOC_009729,Cell-type specific,ENSG00000255679,LINC02737,LINC02737,LINC02737
Hum_XLOC_009884,Partially shared,ENSG00000246100,LINC00900,LINC00900,LINC00900
Hum_XLOC_009901,Cell-type specific,,,,
Hum_XLOC_009922,Partially shared,ENSG00000255435,TTC36-AS1,TTC36-AS1,TTC36-AS1
Hum_XLOC_009932,Partially shared,ENSG00000255121,CENATAC-DT,CENATAC-DT,CENATAC-DT
Hum_XLOC_010238,Partially shared,ENSG00000249790,,,
Hum_XLOC_010307,Cell-type specific,ENSG00000247498,GPRC5D-AS1,GPRC5D-AS1,GPRC5D-AS1
Hum_XLOC_010579,Cell-type specific,ENSG00000272368,,,
Hum_XLOC_010707,Cell-type specific,,,,
Hum_XLOC_010719,Partially shared,,,,
Hum_XLOC_010758,Partially shared,ENSG00000199179|ENSG00000257354,,,
Hum_XLOC_010768,Cell-type specific,ENSG00000243024,,,
Hum_XLOC_010788,Partially shared,ENSG00000239335,LLPH-DT,LLPH-DT,LLPH-DT
Hum_XLOC_010813,Partially shared,,,,
Hum_XLOC_010823,Cell-type specific,ENSG00000257507,LINC02373,LINC02373,LINC02373
Hum_XLOC_010832,Shared,ENSG00000257139,LINC02821,LINC02821,LINC02821
Hum_XLOC_010879,Cell-type specific,ENSG00000257219,LNCOG,LNCOG,LNCOG
Hum_XLOC_010938,Cell-type specific,ENSG00000258815,LINC02820,LINC02820,LINC02820
Hum_XLOC_010962,Partially shared,ENSG00000271614,ATP2B1-AS1,ATP2B1-AS1,ATP2B1-AS1
Hum_XLOC_011049,Partially shared,ENSG00000257696,UHRF1BP1L-DT,UHRF1BP1L-DT,UHRF1BP1L-DT
Hum_XLOC_011063,Cell-type specific,,,,
Hum_XLOC_011262,Cell-type specific,,,,
Hum_XLOC_011264,Cell-type specific,ENSG00000257883|ENSG00000257654,,,
Hum_XLOC_011307,Cell-type specific,,,,
Hum_XLOC_011338,Cell-type specific,,,,
Hum_XLOC_011538,Cell-type specific,ENSG00000256271|ENSG00000246627,CACNA1C-AS1,CACNA1C-AS1,CACNA1C-AS1
Hum_XLOC_011806,Cell-type specific,ENSG00000246695,RASSF8-AS1,RASSF8-AS1,RASSF8-AS1
Hum_XLOC_011828,Partially shared,ENSG00000247934,,,
Hum_XLOC_011831,Cell-type specific,ENSG00000257176,,,
Hum_XLOC_012025,Cell-type specific,ENSG00000257989|ENSG00000265009,,,
Hum_XLOC_012115,Cell-type specific,ENSG00000257809,MYL6B-AS1,MYL6B-AS1,MYL6B-AS1
Hum_XLOC_012248,Cell-type specific,ENSG00000234925,,,
Hum_XLOC_012262,Cell-type specific,ENSG00000257815|ENSG00000257613,PRANCR,PRANCR,PRANCR
Hum_XLOC_012408,Cell-type specific,ENSG00000257210,,,
Hum_XLOC_012500,Cell-type specific,ENSG00000257681,,,
Hum_XLOC_012538,Partially shared,,,,
Hum_XLOC_012590,Partially shared,,,,
Hum_XLOC_012626,Cell-type specific,ENSG00000249550,LINC01234,LINC01234,LINC01234
Hum_XLOC_012694,Partially shared,,,,
Hum_XLOC_012715,Cell-type specific,,,,
Hum_XLOC_012729,Cell-type specific,ENSG00000255856,,,
Hum_XLOC_012746,Partially shared,ENSG00000247373,TMED2-DT,TMED2-DT,TMED2-DT
Hum_XLOC_012767,Partially shared,,,,
Hum_XLOC_012854,Partially shared,ENSG00000255992,,,
Hum_XLOC_012874,Partially shared,,,,
Hum_XLOC_012875,Shared,,,,
Hum_XLOC_012916,Partially shared,ENSG00000233325|ENSG00000235076,,,
Hum_XLOC_013272,Cell-type specific,,,,
Hum_XLOC_013350,Partially shared,ENSG00000227354,RBM26-AS1,RBM26-AS1,RBM26-AS1
Hum_XLOC_013426,Shared,ENSG00000215417,MIR17HG,MIR17HG,MIR17HG
Hum_XLOC_013548,Cell-type specific,,,,
Hum_XLOC_013555,Cell-type specific,,,,
Hum_XLOC_013831,Partially shared,ENSG00000239827,,,
Hum_XLOC_014083,Cell-type specific,,,,
Hum_XLOC_014107,Cell-type specific,ENSG00000272046,LINC00397,LINC00397,LINC00397
Hum_XLOC_014186,Cell-type specific,ENSG00000228889,UBAC2-AS1,UBAC2-AS1,UBAC2-AS1
Hum_XLOC_014439,Cell-type specific,,,,
Hum_XLOC_014518,Cell-type specific,ENSG00000257585|ENSG00000258844,,,
Hum_XLOC_014579,Partially shared,,,,
Hum_XLOC_014855,Cell-type specific,,,,
Hum_XLOC_015011,Cell-type specific,ENSG00000258927,,,
Hum_XLOC_015031,Partially shared,ENSG00000258702,,,
Hum_XLOC_015070,Cell-type specific,ENSG00000259031,,,
Hum_XLOC_015103,Partially shared,,,,
Hum_XLOC_015124,Cell-type specific,,,,
Hum_XLOC_015133,Cell-type specific,,,,
Hum_XLOC_015137,Cell-type specific,ENSG00000258914,,,
Hum_XLOC_015154,Cell-type specific,ENSG00000258701,LINC00638,LINC00638,LINC00638
Hum_XLOC_015191,Cell-type specific,,,,
Hum_XLOC_015193,Cell-type specific,ENSG00000187156,LINC00221,LINC00221,LINC00221
Hum_XLOC_015204,Partially shared,ENSG00000244306|ENSG00000257749|ENSG00000257977,,,
Hum_XLOC_015246,Cell-type specific,ENSG00000258458,OXA1L-DT,OXA1L-DT,OXA1L-DT
Hum_XLOC_015345,Cell-type specific,,,,
Hum_XLOC_015346,Shared,,,,
Hum_XLOC_015488,Cell-type specific,,,,
Hum_XLOC_015711,Partially shared,ENSG00000242951,,,
Hum_XLOC_015731,Cell-type specific,,LINC01629,LINC01629,LINC01629
Hum_XLOC_015819,Partially shared,,,,
Hum_XLOC_015918,Shared,ENSG00000232573,,,
Hum_XLOC_015933,Partially shared,,,,
Hum_XLOC_015960,Cell-type specific,ENSG00000259088,,,
Hum_XLOC_016044,Shared,ENSG00000225200,,,
Hum_XLOC_016137,Partially shared,ENSG00000224078|ENSG00000201969|ENSG00000212380,SNHG14,SNHG14,SNHG14
Hum_XLOC_016163,Cell-type specific,,,,
Hum_XLOC_016167,Cell-type specific,ENSG00000256802,,,
Hum_XLOC_016180,Cell-type specific,ENSG00000270055,,,
Hum_XLOC_016183,Partially shared,,,,
Hum_XLOC_016269,Partially shared,,,,
Hum_XLOC_016290,Partially shared,,,,
Hum_XLOC_016292,Partially shared,ENSG00000247556,OIP5-AS1,OIP5-AS1,OIP5-AS1
Hum_XLOC_016293,Shared,ENSG00000247556,OIP5-AS1,OIP5-AS1,OIP5-AS1
Hum_XLOC_016383,Cell-type specific,ENSG00000244879|ENSG00000264109,GABPB1-AS1,GABPB1-AS1,GABPB1-AS1
Hum_XLOC_016563,Cell-type specific,,,,
Hum_XLOC_016703,Cell-type specific,,,,
Hum_XLOC_016748,Cell-type specific,ENSG00000250988|ENSG00000252690,,,
Hum_XLOC_016814,Cell-type specific,ENSG00000255571|ENSG00000207819,MIR9-3HG,MIR9-3HG,MIR9-3HG
Hum_XLOC_016965,Partially shared,,,,
Hum_XLOC_016966,Shared,ENSG00000237161,,,
Hum_XLOC_017016,Cell-type specific,,GABRG3-AS1,GABRG3-AS1,GABRG3-AS1
Hum_XLOC_017055,Cell-type specific,,,,
Hum_XLOC_017077,Cell-type specific,ENSG00000262728,,,
Hum_XLOC_017304,Cell-type specific,,,,
Hum_XLOC_017424,Shared,,,,
Hum_XLOC_017521,Partially shared,,,,
Hum_XLOC_017569,Partially shared,ENSG00000246877,DNM1P35,DNM1P35,DNM1P35
Hum_XLOC_017640,Partially shared,ENSG00000259692,,,
Hum_XLOC_017665,Cell-type specific,,,,
Hum_XLOC_017675,Partially shared,,,,
Hum_XLOC_017684,Partially shared,,,,
Hum_XLOC_018111,Partially shared,ENSG00000262454,MIR193BHG,MIR193BHG,MIR193BHG
Hum_XLOC_018140,Cell-type specific,,,,
Hum_XLOC_018207,Cell-type specific,,,,
Hum_XLOC_018223,Partially shared,,LINC02175,LINC02175,LINC02175
Hum_XLOC_018227,Partially shared,,ZKSCAN2-DT,ZKSCAN2-DT,ZKSCAN2-DT
Hum_XLOC_018304,Cell-type specific,ENSG00000235560,ZNF747-DT,ZNF747-DT,ZNF747-DT
Hum_XLOC_018399,Partially shared,ENSG00000260281,,,
Hum_XLOC_018622,Cell-type specific,,,,
Hum_XLOC_018629,Partially shared,,,,
Hum_XLOC_018642,Partially shared,ENSG00000262136,NQO1-DT,NQO1-DT,NQO1-DT
Hum_XLOC_018839,Partially shared,,,,
Hum_XLOC_018920,Cell-type specific,,LINC00235,LINC00235,LINC00235
Hum_XLOC_018955,Cell-type specific,ENSG00000260425,,,
Hum_XLOC_018988,Partially shared,ENSG00000260260,SNHG19,SNHG19,SNHG19
Hum_XLOC_019023,Cell-type specific,ENSG00000263072,ZNF213-AS1,ZNF213-AS1,ZNF213-AS1
Hum_XLOC_019116,Partially shared,ENSG00000263080,,,
Hum_XLOC_019199,Cell-type specific,ENSG00000261759,,,
Hum_XLOC_019295,Cell-type specific,ENSG00000246465,,,
Hum_XLOC_019301,Cell-type specific,ENSG00000260796,,,
Hum_XLOC_019533,Cell-type specific,ENSG00000245694,CRNDE,CRNDE,CRNDE
Hum_XLOC_019574,Cell-type specific,,,,
Hum_XLOC_019657,Cell-type specific,ENSG00000261386|ENSG00000259804,CTCF-DT,CTCF-DT,CTCF-DT
Hum_XLOC_019677,Cell-type specific,,,,
Hum_XLOC_019801,Cell-type specific,ENSG00000260213,,,
Hum_XLOC_019892,Cell-type specific,,,,
Hum_XLOC_019988,Cell-type specific,ENSG00000272911,,,
Hum_XLOC_019989,Shared,ENSG00000262050,,,
Hum_XLOC_020021,Cell-type specific,ENSG00000262429,,,
Hum_XLOC_020215,Cell-type specific,ENSG00000264666,,,
Hum_XLOC_020335,Partially shared,ENSG00000227543,SPAG5-AS1,SPAG5-AS1,SPAG5-AS1
Hum_XLOC_020336,Cell-type specific,ENSG00000227543|ENSG00000265287,,,
Hum_XLOC_020385,Cell-type specific,ENSG00000263567,,,
Hum_XLOC_020394,Partially shared,,,,
Hum_XLOC_020425,Cell-type specific,,,,
Hum_XLOC_020432,Cell-type specific,ENSG00000267321,SNHG30,SNHG30,SNHG30
Hum_XLOC_020584,Partially shared,,,,
Hum_XLOC_020585,Partially shared,,,,
Hum_XLOC_020605,Shared,,,,
Hum_XLOC_020613,Cell-type specific,ENSG00000260793,,,
Hum_XLOC_020639,Cell-type specific,ENSG00000264070,,,
Hum_XLOC_020654,Cell-type specific,,,,
Hum_XLOC_020720,Cell-type specific,ENSG00000204584,,,
Hum_XLOC_020798,Partially shared,,,,
Hum_XLOC_020877,Cell-type specific,ENSG00000266402,SNHG25,SNHG25,SNHG25
Hum_XLOC_020914,Partially shared,,,,
Hum_XLOC_020915,Cell-type specific,,,,
Hum_XLOC_021019,Partially shared,ENSG00000163597,SNHG16,SNHG16,SNHG16
Hum_XLOC_021026,Partially shared,ENSG00000267065,LINC02080,LINC02080,LINC02080
Hum_XLOC_021027,Partially shared,,LINC00868,LINC00868,LINC00868
Hum_XLOC_021036,Partially shared,ENSG00000267506,,,
Hum_XLOC_021055,Cell-type specific,ENSG00000266970,SOCS3-DT,SOCS3-DT,SOCS3-DT
Hum_XLOC_021126,Cell-type specific,ENSG00000265688|ENSG00000263585,,,
Hum_XLOC_021166,Cell-type specific,ENSG00000261888,,,
Hum_XLOC_021171,Cell-type specific,ENSG00000273172,LINC02091,LINC02091,LINC02091
Hum_XLOC_021203,Partially shared,ENSG00000262533|ENSG00000263050|ENSG00000267200,,,
Hum_XLOC_021341,Partially shared,ENSG00000271002,,,
Hum_XLOC_021530,Partially shared,ENSG00000265683,,,
Hum_XLOC_021539,Cell-type specific,ENSG00000267259,ERVE-1,ERVE-1,ERVE-1
Hum_XLOC_021541,Cell-type specific,ENSG00000265480|ENSG00000264029|ENSG00000260777|ENSG00000207844|ENSG00000266306,,,
Hum_XLOC_021702,Cell-type specific,,,,
Hum_XLOC_021720,Cell-type specific,,,,
Hum_XLOC_021821,Cell-type specific,,,,
Hum_XLOC_021824,Partially shared,ENSG00000188825,LINC00910,LINC00910,LINC00910
Hum_XLOC_021847,Partially shared,ENSG00000267750,RUNDC3A-AS1,RUNDC3A-AS1,RUNDC3A-AS1
Hum_XLOC_021936,Cell-type specific,,,,
Hum_XLOC_022059,Cell-type specific,ENSG00000267095|ENSG00000267248,,,
Hum_XLOC_022174,Cell-type specific,ENSG00000234899,SOX9-AS1,SOX9-AS1,SOX9-AS1
Hum_XLOC_022324,Cell-type specific,ENSG00000263069,RNF213-AS1,RNF213-AS1,RNF213-AS1
Hum_XLOC_022351,Cell-type specific,,LINC01971,LINC01971,LINC01971
Hum_XLOC_022360,Shared,ENSG00000262049,,,
Hum_XLOC_022389,Partially shared,ENSG00000260011,,,
Hum_XLOC_022392,Partially shared,ENSG00000265458,NARF-AS2,NARF-AS2,NARF-AS2
Hum_XLOC_022422,Partially shared,ENSG00000263551,,,
Hum_XLOC_022657,Cell-type specific,,,,
Hum_XLOC_022724,Cell-type specific,ENSG00000267293,,,
Hum_XLOC_022763,Cell-type specific,ENSG00000267444,,,
Hum_XLOC_022831,Cell-type specific,ENSG00000267215,,,
Hum_XLOC_022862,Partially shared,ENSG00000267390,KDSR-DT,KDSR-DT,KDSR-DT
Hum_XLOC_023016,Cell-type specific,ENSG00000266405,,,
Hum_XLOC_023021,Cell-type specific,ENSG00000264235,MYL12-AS1,MYL12-AS1,MYL12-AS1
Hum_XLOC_023089,Partially shared,ENSG00000257513,,,
Hum_XLOC_023108,Cell-type specific,ENSG00000266969,CEP192-DT,CEP192-DT,CEP192-DT
Hum_XLOC_023145,Cell-type specific,ENSG00000266010,GATA6-AS1,GATA6-AS1,GATA6-AS1
Hum_XLOC_023182,Cell-type specific,,,,
Hum_XLOC_023445,Cell-type specific,,,,
Hum_XLOC_023606,Shared,,,,
Hum_XLOC_023652,Cell-type specific,ENSG00000267244,,,
Hum_XLOC_023658,Partially shared,ENSG00000267283,,,
Hum_XLOC_023669,Partially shared,,,,
Hum_XLOC_023721,Cell-type specific,,,,
Hum_XLOC_023791,Cell-type specific,,,,
Hum_XLOC_023793,Shared,ENSG00000267939,,,
Hum_XLOC_023815,Cell-type specific,,ZNF426-DT,ZNF426-DT,ZNF426-DT
Hum_XLOC_023820,Partially shared,ENSG00000266950,,,
Hum_XLOC_023851,Cell-type specific,ENSG00000267082,,,
Hum_XLOC_023920,Cell-type specific,ENSG00000228887,,,
Hum_XLOC_023926,Cell-type specific,,ADGRL1-AS1,ADGRL1-AS1,ADGRL1-AS1
Hum_XLOC_023928,Cell-type specific,ENSG00000267147,LINC01842,LINC01842,LINC01842
Hum_XLOC_023949,Cell-type specific,,,,
Hum_XLOC_023950,Cell-type specific,ENSG00000268189,,,
Hum_XLOC_023959,Cell-type specific,ENSG00000214049,UCA1,UCA1,UCA1
Hum_XLOC_023972,Cell-type specific,,,,
Hum_XLOC_024016,Shared,,,,
Hum_XLOC_024031,Partially shared,ENSG00000269019,HOMER3-AS1,HOMER3-AS1,HOMER3-AS1
Hum_XLOC_024100,Cell-type specific,ENSG00000268696,,,
Hum_XLOC_024123,Cell-type specific,ENSG00000267575|ENSG00000272635|ENSG00000267264|ENSG00000267630|ENSG00000267623,,,
Hum_XLOC_024241,Cell-type specific,ENSG00000267309,ZNF566-AS1,ZNF566-AS1,ZNF566-AS1
Hum_XLOC_024243,Cell-type specific,ENSG00000233527,ZNF529-AS1,ZNF529-AS1,ZNF529-AS1
Hum_XLOC_024245,Partially shared,,,,
Hum_XLOC_024248,Cell-type specific,ENSG00000267254,ZNF790-AS1,ZNF790-AS1,ZNF790-AS1
Hum_XLOC_024286,Partially shared,ENSG00000268756,,,
Hum_XLOC_024381,Cell-type specific,ENSG00000213904,LIPE-AS1,LIPE-AS1,LIPE-AS1
Hum_XLOC_024459,Cell-type specific,ENSG00000267395,DM1-AS,DM1-AS,DM1-AS
Hum_XLOC_024494,Partially shared,ENSG00000268061,NAPA-AS1,NAPA-AS1,NAPA-AS1
Hum_XLOC_024521,Partially shared,,,,
Hum_XLOC_024523,Partially shared,,,,
Hum_XLOC_024575,Partially shared,,,,
Hum_XLOC_024602,Cell-type specific,,,,
Hum_XLOC_024671,Cell-type specific,ENSG00000238150,,,
Hum_XLOC_024713,Partially shared,ENSG00000267265,GP6-AS1,GP6-AS1,GP6-AS1
Hum_XLOC_024826,Cell-type specific,,,,
Hum_XLOC_024847,Cell-type specific,,,,
Hum_XLOC_024863,Partially shared,,,,
Hum_XLOC_024871,Partially shared,,,,
Hum_XLOC_024872,Cell-type specific,,,,
Hum_XLOC_024876,Partially shared,,,,
Hum_XLOC_024883,Cell-type specific,,,,
Hum_XLOC_024952,Cell-type specific,,,,
Hum_XLOC_024989,Cell-type specific,ENSG00000223573,,,
Hum_XLOC_025049,Partially shared,ENSG00000260500,,,
Hum_XLOC_025084,Cell-type specific,,,,
Hum_XLOC_025280,Partially shared,,,,
Hum_XLOC_025394,Cell-type specific,ENSG00000269416,LINC01224,LINC01224,LINC01224
Hum_XLOC_025447,Cell-type specific,ENSG00000267475,NUDT19-DT,NUDT19-DT,NUDT19-DT
Hum_XLOC_025611,Cell-type specific,,,,
Hum_XLOC_025614,Partially shared,,,,
Hum_XLOC_025651,Cell-type specific,ENSG00000267107,PCAT19,PCAT19,PCAT19
Hum_XLOC_025657,Cell-type specific,,,,
Hum_XLOC_025706,Shared,,,,
Hum_XLOC_025782,Partially shared,,,,
Hum_XLOC_025920,Partially shared,ENSG00000269483,,,
Hum_XLOC_025944,Partially shared,ENSG00000269082|ENSG00000242779,,,
Hum_XLOC_025960,Cell-type specific,ENSG00000229000,,,
Hum_XLOC_025965,Cell-type specific,ENSG00000228323|ENSG00000232220,,,
Hum_XLOC_026057,Cell-type specific,ENSG00000267871,ZNF460-AS1,ZNF460-AS1,ZNF460-AS1
Hum_XLOC_026084,Cell-type specific,,,,
Hum_XLOC_026092,Partially shared,ENSG00000232098,,,
Hum_XLOC_026100,Cell-type specific,ENSG00000269600,,,
Hum_XLOC_026132,Cell-type specific,,,,
Hum_XLOC_026150,Cell-type specific,ENSG00000235078,,,
Hum_XLOC_026234,Cell-type specific,ENSG00000243819|ENSG00000236162,,,
Hum_XLOC_026311,Cell-type specific,ENSG00000271991,TTC32-DT,TTC32-DT,TTC32-DT
Hum_XLOC_026435,Cell-type specific,,,,
Hum_XLOC_026511,Cell-type specific,ENSG00000234936,LINC01126,LINC01126,LINC01126
Hum_XLOC_026640,Cell-type specific,ENSG00000233723,LINC01122,LINC01122,LINC01122
Hum_XLOC_026653,Partially shared,ENSG00000270820,USP34-DT,USP34-DT,USP34-DT
Hum_XLOC_026737,Cell-type specific,,,,
Hum_XLOC_026782,Partially shared,,,,
Hum_XLOC_026810,Partially shared,,,,
Hum_XLOC_026878,Shared,,,,
Hum_XLOC_026900,Cell-type specific,ENSG00000234028,EIF2AK3-DT,EIF2AK3-DT,EIF2AK3-DT
Hum_XLOC_027071,Partially shared,,,,
Hum_XLOC_027110,Shared,,,,
Hum_XLOC_027117,Cell-type specific,,,,
Hum_XLOC_027197,Cell-type specific,ENSG00000236859,NIFK-AS1,NIFK-AS1,NIFK-AS1
Hum_XLOC_027240,Partially shared,ENSG00000272667,,,
Hum_XLOC_027259,Partially shared,ENSG00000227632,,,
Hum_XLOC_027314,Partially shared,ENSG00000231890,DARS1-AS1,DARS1-AS1,DARS1-AS1
Hum_XLOC_027336,Cell-type specific,ENSG00000229131,,,
Hum_XLOC_027540,Cell-type specific,ENSG00000228389,,,
Hum_XLOC_027558,Partially shared,,,,
Hum_XLOC_027574,Partially shared,ENSG00000235655,,,
Hum_XLOC_027589,Cell-type specific,,,,
Hum_XLOC_027672,Cell-type specific,,,,
Hum_XLOC_027685,Shared,ENSG00000224063,CALCRL-AS1,CALCRL-AS1,CALCRL-AS1
Hum_XLOC_027703,Partially shared,ENSG00000253559,OSGEPL1-AS1,OSGEPL1-AS1,OSGEPL1-AS1
Hum_XLOC_027723,Cell-type specific,ENSG00000233766,CAVIN2-AS1,CAVIN2-AS1,CAVIN2-AS1
Hum_XLOC_027767,Partially shared,,,,
Hum_XLOC_028233,Cell-type specific,ENSG00000228989,,,
Hum_XLOC_028246,Partially shared,ENSG00000237940,LINC01237,LINC01237,LINC01237
Hum_XLOC_028248,Cell-type specific,,LINC01237,LINC01237,LINC01237
Hum_XLOC_028366,Cell-type specific,ENSG00000260077,,,
Hum_XLOC_028536,Cell-type specific,,,,
Hum_XLOC_028559,Cell-type specific,ENSG00000233862,,,
Hum_XLOC_028681,Cell-type specific,,,,
Hum_XLOC_028782,Partially shared,ENSG00000233251,,,
Hum_XLOC_029023,Cell-type specific,,,,
Hum_XLOC_029107,Cell-type specific,ENSG00000232502|ENSG00000223564|ENSG00000235571,,,
Hum_XLOC_029137,Partially shared,ENSG00000273265,,,
Hum_XLOC_029144,Cell-type specific,ENSG00000230606,,,
Hum_XLOC_029216,Cell-type specific,ENSG00000233639,PANTR1,PANTR1,PANTR1
Hum_XLOC_029272,Cell-type specific,ENSG00000175772,LINC01106,LINC01106,LINC01106
Hum_XLOC_029280,Cell-type specific,ENSG00000172965,,,
Hum_XLOC_029281,Partially shared,ENSG00000172965,,,
Hum_XLOC_029721,Partially shared,ENSG00000238133,MAP3K20-AS1,MAP3K20-AS1,MAP3K20-AS1
Hum_XLOC_029832,Cell-type specific,ENSG00000226747|ENSG00000231646|ENSG00000237877,LINC01473,LINC01473,LINC01473
Hum_XLOC_029883,Cell-type specific,,,,
Hum_XLOC_029885,Cell-type specific,ENSG00000228509,,,
Hum_XLOC_029929,Cell-type specific,ENSG00000232732,,,
Hum_XLOC_029949,Cell-type specific,,,,
Hum_XLOC_030315,Partially shared,,,,
Hum_XLOC_030320,Cell-type specific,,,,
Hum_XLOC_030554,Partially shared,ENSG00000230387,,,
Hum_XLOC_030730,Cell-type specific,,,,
Hum_XLOC_030846,Cell-type specific,,,,
Hum_XLOC_030849,Shared,ENSG00000177410,ZFAS1,ZFAS1,ZFAS1
Hum_XLOC_031044,Cell-type specific,,,,
Hum_XLOC_031050,Partially shared,ENSG00000232442,MHENCR,MHENCR,MHENCR
Hum_XLOC_031058,Cell-type specific,,,,
Hum_XLOC_031071,Cell-type specific,,NRSN2-AS1,NRSN2-AS1,NRSN2-AS1
Hum_XLOC_031143,Cell-type specific,,,,
Hum_XLOC_031293,Cell-type specific,,,,
Hum_XLOC_031297,Cell-type specific,,,,
Hum_XLOC_031333,Cell-type specific,ENSG00000232645,LINC01431,LINC01431,LINC01431
Hum_XLOC_031468,Partially shared,ENSG00000260032,NORAD,NORAD,NORAD
Hum_XLOC_031593,Cell-type specific,ENSG00000225849,,,
Hum_XLOC_031715,Cell-type specific,ENSG00000218018,RBM38-AS1,RBM38-AS1,RBM38-AS1
Hum_XLOC_031992,Cell-type specific,,,,
Hum_XLOC_032045,Cell-type specific,ENSG00000272991,,,
Hum_XLOC_032084,Partially shared,,,,
Hum_XLOC_032153,Shared,,,,
Hum_XLOC_032159,Partially shared,,,,
Hum_XLOC_032216,Cell-type specific,ENSG00000224141,,,
Hum_XLOC_032231,Partially shared,,LINC01687,LINC01687,LINC01687
Hum_XLOC_032257,Partially shared,,,,
Hum_XLOC_032277,Cell-type specific,,LINC00189,LINC00189,LINC00189
Hum_XLOC_032433,Cell-type specific,,,,
Hum_XLOC_032472,Cell-type specific,,,,
Hum_XLOC_032523,Partially shared,ENSG00000237517|ENSG00000273164|ENSG00000273032,,,
Hum_XLOC_032565,Partially shared,,,,
Hum_XLOC_032710,Cell-type specific,ENSG00000226471,,,
Hum_XLOC_032747,Partially shared,ENSG00000253352,,,
Hum_XLOC_032906,Partially shared,,,,
Hum_XLOC_032922,Cell-type specific,ENSG00000237037|ENSG00000227370,,,
Hum_XLOC_032940,Cell-type specific,ENSG00000236272,SCUBE1-AS2,SCUBE1-AS2,SCUBE1-AS2
Hum_XLOC_032979,Cell-type specific,,,,
Hum_XLOC_033051,Cell-type specific,ENSG00000205559|ENSG00000272940,,,
Hum_XLOC_033062,Cell-type specific,ENSG00000206195|ENSG00000223875|ENSG00000271672,DUXAP8,DUXAP8,DUXAP8
Hum_XLOC_033152,Cell-type specific,,,,
Hum_XLOC_033164,Cell-type specific,,,,
Hum_XLOC_033229,Cell-type specific,,,,
Hum_XLOC_033428,Cell-type specific,ENSG00000228274|ENSG00000230912,,,
Hum_XLOC_033463,Partially shared,ENSG00000231993|ENSG00000232754|ENSG00000215771,,,
Hum_XLOC_033497,Cell-type specific,,,,
Hum_XLOC_033538,Cell-type specific,ENSG00000226328,,,
Hum_XLOC_033567,Cell-type specific,,,,
Hum_XLOC_033730,Cell-type specific,,,,
Hum_XLOC_033763,Cell-type specific,,,,
Hum_XLOC_033869,Cell-type specific,,,,
Hum_XLOC_034208,Cell-type specific,ENSG00000241684,ADAMTS9-AS2,ADAMTS9-AS2,ADAMTS9-AS2
Hum_XLOC_034372,Partially shared,ENSG00000243547,,,
Hum_XLOC_034651,Cell-type specific,ENSG00000250796,,,
Hum_XLOC_034686,Cell-type specific,ENSG00000246082,,,
Hum_XLOC_034697,Partially shared,,,,
Hum_XLOC_034751,Cell-type specific,ENSG00000178631,COPB2-DT,COPB2-DT,COPB2-DT
Hum_XLOC_034817,Cell-type specific,ENSG00000244468,,,
Hum_XLOC_034865,Partially shared,,,,
Hum_XLOC_034874,Partially shared,ENSG00000241770|ENSG00000243176,,,
Hum_XLOC_035077,Cell-type specific,,,,
Hum_XLOC_035205,Cell-type specific,ENSG00000273308,,,
Hum_XLOC_035247,Cell-type specific,ENSG00000235831,BHLHE40-AS1,BHLHE40-AS1,BHLHE40-AS1
Hum_XLOC_035275,Partially shared,ENSG00000206573,THUMPD3-AS1,THUMPD3-AS1,THUMPD3-AS1
Hum_XLOC_035301,Cell-type specific,,,,
Hum_XLOC_035321,Cell-type specific,ENSG00000244502,HDAC11-AS1,HDAC11-AS1,HDAC11-AS1
Hum_XLOC_035345,Partially shared,ENSG00000225733,FGD5-AS1,FGD5-AS1,FGD5-AS1
Hum_XLOC_035513,Partially shared,ENSG00000223797,ENTPD3-AS1,ENTPD3-AS1,ENTPD3-AS1
Hum_XLOC_035556,Partially shared,ENSG00000214820,ZKSCAN7-AS1,ZKSCAN7-AS1,ZKSCAN7-AS1
Hum_XLOC_035618,Cell-type specific,ENSG00000270441,,,
Hum_XLOC_035663,Cell-type specific,,,,
Hum_XLOC_035932,Partially shared,,,,
Hum_XLOC_036069,Cell-type specific,,,,
Hum_XLOC_036146,Shared,ENSG00000241288|ENSG00000248787,,,
Hum_XLOC_036170,Cell-type specific,ENSG00000239921,LINC02034,LINC02034,LINC02034
Hum_XLOC_036173,Cell-type specific,,,,
Hum_XLOC_036234,Cell-type specific,,,,
Hum_XLOC_036248,Cell-type specific,ENSG00000272832,,,
Hum_XLOC_036283,Cell-type specific,,,,
Hum_XLOC_036339,Partially shared,ENSG00000240032,LNCSRLR,LNCSRLR,LNCSRLR
Hum_XLOC_036440,Cell-type specific,ENSG00000243926,TIPARP-AS1,TIPARP-AS1,TIPARP-AS1
Hum_XLOC_036564,Partially shared,ENSG00000237978,KCNMB2-AS1,KCNMB2-AS1,KCNMB2-AS1
Hum_XLOC_036611,Cell-type specific,ENSG00000233885|ENSG00000216166,YEATS2-AS1,YEATS2-AS1,YEATS2-AS1
Hum_XLOC_036747,Partially shared,ENSG00000260261|ENSG00000273009,TNK2-AS1,TNK2-AS1,TNK2-AS1
Hum_XLOC_036748,Cell-type specific,,,,
Hum_XLOC_036765,Shared,ENSG00000232065,LINC01063,LINC01063,LINC01063
Hum_XLOC_036782,Partially shared,,,,
Hum_XLOC_036865,Partially shared,ENSG00000251271,,,
Hum_XLOC_036925,Partially shared,,,,
Hum_XLOC_037039,Partially shared,ENSG00000261121,LINC02473,LINC02473,LINC02473
Hum_XLOC_037147,Cell-type specific,ENSG00000231707,,,
Hum_XLOC_037192,Cell-type specific,,,,
Hum_XLOC_037200,Shared,,,,
Hum_XLOC_037209,Cell-type specific,,,,
Hum_XLOC_037301,Cell-type specific,,,,
Hum_XLOC_037371,Partially shared,ENSG00000250220,ANKRD17-DT,ANKRD17-DT,ANKRD17-DT
Hum_XLOC_037447,Cell-type specific,ENSG00000272677,HNRNPD-DT,HNRNPD-DT,HNRNPD-DT
Hum_XLOC_037565,Cell-type specific,ENSG00000246560,UBE2D3-AS1,UBE2D3-AS1,UBE2D3-AS1
Hum_XLOC_037604,Cell-type specific,ENSG00000232021,LEF1-AS1,LEF1-AS1,LEF1-AS1
Hum_XLOC_037681,Partially shared,ENSG00000269893,SNHG8,SNHG8,SNHG8
Hum_XLOC_037793,Cell-type specific,,,,
Hum_XLOC_037974,Cell-type specific,,,,
Hum_XLOC_038155,Cell-type specific,ENSG00000213331,,,
Hum_XLOC_038196,Cell-type specific,ENSG00000249592,,,
Hum_XLOC_038221,Cell-type specific,ENSG00000244459,,,
Hum_XLOC_038253,Cell-type specific,ENSG00000251669|ENSG00000253917,,,
Hum_XLOC_038291,Partially shared,,,,
Hum_XLOC_038315,Cell-type specific,,,,
Hum_XLOC_038457,Cell-type specific,ENSG00000251410,,,
Hum_XLOC_038483,Cell-type specific,,,,
Hum_XLOC_038706,Shared,,,,
Hum_XLOC_038732,Cell-type specific,ENSG00000260265,LINC02562,LINC02562,LINC02562
Hum_XLOC_038922,Shared,ENSG00000251259,,,
Hum_XLOC_038950,Partially shared,,,,
Hum_XLOC_038952,Cell-type specific,ENSG00000272795,GAR1-DT,GAR1-DT,GAR1-DT
Hum_XLOC_038972,Cell-type specific,ENSG00000249532,MIR302CHG,MIR302CHG,MIR302CHG
Hum_XLOC_039016,Shared,ENSG00000248280,,,
Hum_XLOC_039231,Cell-type specific,ENSG00000270265,,,
Hum_XLOC_039408,Cell-type specific,,,,
Hum_XLOC_039446,Cell-type specific,ENSG00000232648,ING2-DT,ING2-DT,ING2-DT
Hum_XLOC_039536,Cell-type specific,ENSG00000245685,FRG1-DT,FRG1-DT,FRG1-DT
Hum_XLOC_039584,Cell-type specific,ENSG00000249116,IRX4-AS1,IRX4-AS1,IRX4-AS1
Hum_XLOC_039650,Partially shared,ENSG00000247516,MIR4458HG,MIR4458HG,MIR4458HG
Hum_XLOC_039771,Partially shared,,,,
Hum_XLOC_039856,Cell-type specific,ENSG00000248668,,,
Hum_XLOC_040165,Cell-type specific,ENSG00000250874,,,
Hum_XLOC_040184,Cell-type specific,ENSG00000247828,TMEM161B-DT,TMEM161B-DT,TMEM161B-DT
Hum_XLOC_040252,Shared,ENSG00000248489,CHD1-DT,CHD1-DT,CHD1-DT
Hum_XLOC_040375,Shared,ENSG00000197744,,,
Hum_XLOC_040595,Cell-type specific,ENSG00000231185,SPRY4-AS1,SPRY4-AS1,SPRY4-AS1
Hum_XLOC_040709,Cell-type specific,,,,
Hum_XLOC_040711,Cell-type specific,,,,
Hum_XLOC_040843,Cell-type specific,ENSG00000253628,,,
Hum_XLOC_040871,Cell-type specific,ENSG00000249306,LINC01411,LINC01411,LINC01411
Hum_XLOC_040952,Partially shared,ENSG00000250999,,,
Hum_XLOC_040973,Cell-type specific,,,,
Hum_XLOC_040974,Cell-type specific,ENSG00000245060,LINC00847,LINC00847,LINC00847
Hum_XLOC_041218,Partially shared,ENSG00000272323,TTC23L-AS1,TTC23L-AS1,TTC23L-AS1
Hum_XLOC_041261,Cell-type specific,ENSG00000249740,OSMR-DT,OSMR-DT,OSMR-DT
Hum_XLOC_041288,Cell-type specific,,,,
Hum_XLOC_041303,Cell-type specific,ENSG00000251141,,,
Hum_XLOC_041427,Partially shared,ENSG00000250081,,,
Hum_XLOC_041496,Cell-type specific,,,,
Hum_XLOC_041555,Partially shared,ENSG00000249042,FAM151B-DT,FAM151B-DT,FAM151B-DT
Hum_XLOC_041564,Partially shared,ENSG00000247572|ENSG00000248794,CKMT2-AS1,CKMT2-AS1,CKMT2-AS1
Hum_XLOC_041916,Cell-type specific,ENSG00000233006|ENSG00000263597,MIR3936HG,MIR3936HG,MIR3936HG
Hum_XLOC_042093,Cell-type specific,,,,
Hum_XLOC_042147,Cell-type specific,ENSG00000245275,SAP30L-AS1,SAP30L-AS1,SAP30L-AS1
Hum_XLOC_042209,Cell-type specific,,LINC01202,LINC01202,LINC01202
Hum_XLOC_042402,Cell-type specific,,,,
Hum_XLOC_042485,Cell-type specific,,,,
Hum_XLOC_042551,Cell-type specific,,,,
Hum_XLOC_042562,Cell-type specific,,,,
Hum_XLOC_042670,Cell-type specific,ENSG00000261584,,,
Hum_XLOC_042709,Cell-type specific,ENSG00000227214|ENSG00000244349,HCG15,HCG15,HCG15
Hum_XLOC_042885,Cell-type specific,,,,
Hum_XLOC_042993,Partially shared,,,,
Hum_XLOC_043126,Partially shared,ENSG00000214558,,,
Hum_XLOC_043168,Partially shared,ENSG00000229852|ENSG00000239626|ENSG00000234882,KHDC1-AS1,KHDC1-AS1,KHDC1-AS1
Hum_XLOC_043555,Cell-type specific,,,,
Hum_XLOC_043561,Cell-type specific,,,,
Hum_XLOC_043590,Cell-type specific,ENSG00000231023,LINC00326,LINC00326,LINC00326
Hum_XLOC_043608,Cell-type specific,ENSG00000232876,,,
Hum_XLOC_043642,Cell-type specific,ENSG00000225177,,,
Hum_XLOC_043713,Partially shared,ENSG00000220848|ENSG00000202343,,,
Hum_XLOC_043746,Cell-type specific,ENSG00000227627,,,
Hum_XLOC_043858,Partially shared,ENSG00000261420,MPC1-DT,MPC1-DT,MPC1-DT
Hum_XLOC_043966,Cell-type specific,ENSG00000266750|ENSG00000230438,SERPINB9P1,SERPINB9P1,SERPINB9P1
Hum_XLOC_043990,Partially shared,ENSG00000260604,,,
Hum_XLOC_044006,Cell-type specific,ENSG00000220685,,,
Hum_XLOC_044052,Partially shared,ENSG00000272097,TMEM14B-DT,TMEM14B-DT,TMEM14B-DT
Hum_XLOC_044157,Cell-type specific,,,,
Hum_XLOC_044247,Cell-type specific,ENSG00000225595,LINC01623,LINC01623,LINC01623
Hum_XLOC_044352,Cell-type specific,,,,
Hum_XLOC_044366,Cell-type specific,,,,
Hum_XLOC_044544,Cell-type specific,ENSG00000271857,,,
Hum_XLOC_044610,Cell-type specific,,,,
Hum_XLOC_044667,Partially shared,ENSG00000227706,,,
Hum_XLOC_044800,Cell-type specific,,,,
Hum_XLOC_044898,Partially shared,ENSG00000230290|ENSG00000228834,ARMC2-AS1,ARMC2-AS1,ARMC2-AS1
Hum_XLOC_044949,Cell-type specific,ENSG00000227502,MROCKI,MROCKI,MROCKI
Hum_XLOC_044972,Partially shared,,,,
Hum_XLOC_044999,Cell-type specific,ENSG00000236548,RNF217-AS1,RNF217-AS1,RNF217-AS1
Hum_XLOC_045106,Shared,,CCDC28A-AS1,CCDC28A-AS1,CCDC28A-AS1
Hum_XLOC_045148,Partially shared,ENSG00000217027,,,
Hum_XLOC_045336,Partially shared,ENSG00000227598,,,
Hum_XLOC_045337,Partially shared,ENSG00000227598,,,
Hum_XLOC_045612,Partially shared,ENSG00000232759|ENSG00000232949,,,
Hum_XLOC_045617,Partially shared,ENSG00000228649|ENSG00000221740,SNHG26,SNHG26,SNHG26
Hum_XLOC_045624,Cell-type specific,,,,
Hum_XLOC_045662,Cell-type specific,ENSG00000243766,HOTTIP,HOTTIP,HOTTIP
Hum_XLOC_045745,Partially shared,,,,
Hum_XLOC_045773,Shared,ENSG00000188185,LINC00265,LINC00265,LINC00265
Hum_XLOC_045817,Cell-type specific,,,,
Hum_XLOC_045836,Partially shared,ENSG00000234536|ENSG00000272556,,,
Hum_XLOC_046015,Cell-type specific,ENSG00000237310,,,
Hum_XLOC_046055,Cell-type specific,ENSG00000225648,,,
Hum_XLOC_046132,Partially shared,,,,
Hum_XLOC_046176,Partially shared,ENSG00000235436,,,
Hum_XLOC_046191,Cell-type specific,,,,
Hum_XLOC_046233,Cell-type specific,,,,
Hum_XLOC_046298,Partially shared,ENSG00000240211,PPP1R35-AS1,PPP1R35-AS1,PPP1R35-AS1
Hum_XLOC_046373,Cell-type specific,ENSG00000237513,,,
Hum_XLOC_046634,Cell-type specific,,,,
Hum_XLOC_046694,Cell-type specific,ENSG00000229153,EPHA1-AS1,EPHA1-AS1,EPHA1-AS1
Hum_XLOC_046948,Cell-type specific,,,,
Hum_XLOC_047133,Cell-type specific,,,,
Hum_XLOC_047187,Cell-type specific,ENSG00000227172,YAE1-DT,YAE1-DT,YAE1-DT
Hum_XLOC_047242,Shared,,,,
Hum_XLOC_047247,Partially shared,ENSG00000232956,SNHG15,SNHG15,SNHG15
Hum_XLOC_047339,Cell-type specific,,,,
Hum_XLOC_047340,Partially shared,ENSG00000232944|ENSG00000237268,,,
Hum_XLOC_047395,Cell-type specific,,,,
Hum_XLOC_047419,Partially shared,ENSG00000179406|ENSG00000230189|ENSG00000251451|ENSG00000223473|ENSG00000244510|ENSG00000244657|ENSG00000231234,,,
Hum_XLOC_047421,Cell-type specific,,,,
Hum_XLOC_047456,Cell-type specific,ENSG00000234215,CT66,CT66,CT66
Hum_XLOC_047542,Cell-type specific,,,,
Hum_XLOC_047581,Cell-type specific,ENSG00000232019,,,
Hum_XLOC_047591,Cell-type specific,ENSG00000224046,DMTF1-AS1,DMTF1-AS1,DMTF1-AS1
Hum_XLOC_047761,Cell-type specific,,,,
Hum_XLOC_047779,Partially shared,,,,
Hum_XLOC_047798,Cell-type specific,,LINC01004,LINC01004,LINC01004
Hum_XLOC_047801,Cell-type specific,,,,
Hum_XLOC_047850,Cell-type specific,ENSG00000234520,,,
Hum_XLOC_047970,Partially shared,ENSG00000271529|ENSG00000229413,,,
Hum_XLOC_047988,Shared,ENSG00000273329,,,
Hum_XLOC_048007,Partially shared,ENSG00000226380,,,
Hum_XLOC_048009,Cell-type specific,ENSG00000231721,,,
Hum_XLOC_048010,Cell-type specific,ENSG00000236753,MKLN1-AS,MKLN1-AS,MKLN1-AS
Hum_XLOC_048195,Partially shared,,,,
Hum_XLOC_048253,Cell-type specific,ENSG00000233878|ENSG00000182648,LINC01006,LINC01006,LINC01006
Hum_XLOC_048375,Cell-type specific,ENSG00000254235,,,
Hum_XLOC_048378,Cell-type specific,,,,
Hum_XLOC_048399,Cell-type specific,,,,
Hum_XLOC_048448,Cell-type specific,ENSG00000245281,,,
Hum_XLOC_048580,Cell-type specific,ENSG00000253377,,,
Hum_XLOC_048673,Cell-type specific,,,,
Hum_XLOC_048744,Cell-type specific,,,,
Hum_XLOC_048754,Cell-type specific,,,,
Hum_XLOC_048859,Cell-type specific,,,,
Hum_XLOC_048913,Cell-type specific,ENSG00000253833,,,
Hum_XLOC_048935,Partially shared,,,,
Hum_XLOC_048945,Cell-type specific,ENSG00000272138,LINC01607,LINC01607,LINC01607
Hum_XLOC_048957,Cell-type specific,ENSG00000253214,,,
Hum_XLOC_049043,Cell-type specific,ENSG00000253704|ENSG00000254283,VIRMA-DT,VIRMA-DT,VIRMA-DT
Hum_XLOC_049088,Partially shared,,,,
Hum_XLOC_049109,Partially shared,ENSG00000271882,,,
Hum_XLOC_049275,Partially shared,ENSG00000249859,PVT1,PVT1,PVT1
Hum_XLOC_049398,Cell-type specific,,,,
Hum_XLOC_049412,Cell-type specific,,,,
Hum_XLOC_049438,Cell-type specific,,,,
Hum_XLOC_049500,Shared,ENSG00000246089,MCPH1-DT,MCPH1-DT,MCPH1-DT
Hum_XLOC_049503,Cell-type specific,ENSG00000249898|ENSG00000271743,MCPH1-AS1,MCPH1-AS1,MCPH1-AS1
Hum_XLOC_049571,Cell-type specific,ENSG00000255020,TDH-AS1,TDH-AS1,TDH-AS1
Hum_XLOC_049721,Shared,ENSG00000228451,,,
Hum_XLOC_049774,Partially shared,ENSG00000254109,RBPMS-AS1,RBPMS-AS1,RBPMS-AS1
Hum_XLOC_049820,Cell-type specific,,,,
Hum_XLOC_050007,Cell-type specific,ENSG00000272010,,,
Hum_XLOC_050022,Cell-type specific,ENSG00000245910,SNHG6,SNHG6,SNHG6
Hum_XLOC_050027,Cell-type specific,,,,
Hum_XLOC_050079,Cell-type specific,ENSG00000253706,,,
Hum_XLOC_050105,Cell-type specific,ENSG00000240540,,,
Hum_XLOC_050197,Partially shared,ENSG00000246662,CIBAR1-DT,CIBAR1-DT,CIBAR1-DT
Hum_XLOC_050256,Cell-type specific,ENSG00000253948,VPS13B-DT,VPS13B-DT,VPS13B-DT
Hum_XLOC_050377,Partially shared,,,,
Hum_XLOC_050652,Cell-type specific,,RFX3-DT,RFX3-DT,RFX3-DT
Hum_XLOC_050785,Cell-type specific,,,,
Hum_XLOC_050806,Partially shared,ENSG00000235453|ENSG00000203659,,,
Hum_XLOC_050845,Shared,ENSG00000230074,,,
Hum_XLOC_050868,Partially shared,ENSG00000227388,,,
Hum_XLOC_050887,Partially shared,ENSG00000233137,EBLN3P,EBLN3P,EBLN3P
Hum_XLOC_050890,Cell-type specific,,,,
Hum_XLOC_050962,Cell-type specific,ENSG00000238113|ENSG00000184523|ENSG00000237451,LINC01410,LINC01410,LINC01410
Hum_XLOC_050980,Cell-type specific,ENSG00000266017,,,
Hum_XLOC_051222,Partially shared,,,,
Hum_XLOC_051242,Cell-type specific,ENSG00000269946|ENSG00000199165,MIRLET7A1HG,MIRLET7A1HG,MIRLET7A1HG
Hum_XLOC_051288,Partially shared,,,,
Hum_XLOC_051304,Shared,,,,
Hum_XLOC_051358,Shared,,,,
Hum_XLOC_051531,Partially shared,ENSG00000224020,MIR181A2HG,MIR181A2HG,MIR181A2HG
Hum_XLOC_051558,Partially shared,,,,
Hum_XLOC_051563,Cell-type specific,,,,
Hum_XLOC_051575,Cell-type specific,ENSG00000272696,,,
Hum_XLOC_051598,Cell-type specific,ENSG00000233901,LINC01503,LINC01503,LINC01503
Hum_XLOC_051628,Cell-type specific,,,,
Hum_XLOC_051728,Cell-type specific,ENSG00000237886,NALT1,NALT1,NALT1
Hum_XLOC_051746,Partially shared,ENSG00000235117,LINC02908,LINC02908,LINC02908
Hum_XLOC_051822,Partially shared,,,,
Hum_XLOC_052042,Cell-type specific,,,,
Hum_XLOC_052145,Partially shared,ENSG00000202474,,,
Hum_XLOC_052155,Partially shared,,,,
Hum_XLOC_052175,Partially shared,,,,
Hum_XLOC_052349,Partially shared,,,,
Hum_XLOC_052356,Partially shared,,,,
Hum_XLOC_052469,Cell-type specific,ENSG00000267026,,,
Hum_XLOC_052518,Cell-type specific,ENSG00000228317,FKTN-AS1,FKTN-AS1,FKTN-AS1
Hum_XLOC_052522,Cell-type specific,,,,
Hum_XLOC_052676,Cell-type specific,,,,
Hum_XLOC_052703,Cell-type specific,ENSG00000224842,LMX1B-DT,LMX1B-DT,LMX1B-DT
Hum_XLOC_052833,Cell-type specific,ENSG00000273249,WDR5-DT,WDR5-DT,WDR5-DT
Hum_XLOC_052853,Cell-type specific,ENSG00000225361,PPP1R26-AS1,PPP1R26-AS1,PPP1R26-AS1
Hum_XLOC_052893,Cell-type specific,ENSG00000233016,SNHG7,SNHG7,SNHG7
Hum_XLOC_052898,Cell-type specific,ENSG00000228544,CCDC183-AS1,CCDC183-AS1,CCDC183-AS1
Hum_XLOC_052919,Cell-type specific,,,,
Hum_XLOC_052943,Cell-type specific,ENSG00000236871|ENSG00000236017,LINC00106,LINC00106,LINC00106
Hum_XLOC_053126,Cell-type specific,,,,
Hum_XLOC_053144,Cell-type specific,,,,
Hum_XLOC_053155,Cell-type specific,ENSG00000267064,UXT-AS1,UXT-AS1,UXT-AS1
Hum_XLOC_053177,Cell-type specific,,,,
Hum_XLOC_053241,Cell-type specific,ENSG00000230105,,,
Hum_XLOC_053297,Partially shared,ENSG00000225470|ENSG00000234969,JPX,JPX,JPX
Hum_XLOC_053538,Partially shared,,,,
Hum_XLOC_053856,Cell-type specific,ENSG00000270069|ENSG00000207870,MIR222HG,MIR222HG,MIR222HG
Hum_XLOC_053895,Cell-type specific,,,,
Hum_XLOC_053961,Partially shared,ENSG00000237748,,,
Hum_XLOC_053977,Cell-type specific,,,,
Hum_XLOC_053997,Partially shared,,,,
Hum_XLOC_054005,Cell-type specific,,,,
Hum_XLOC_054028,Cell-type specific,ENSG00000229807,XIST,XIST,XIST
Hum_XLOC_054034,Partially shared,,,,
Hum_XLOC_054115,Cell-type specific,,,,
Hum_XLOC_054124,Cell-type specific,,TMSB15B-AS1,TMSB15B-AS1,TMSB15B-AS1
Hum_XLOC_054166,Cell-type specific,ENSG00000241743,XACT,XACT,XACT
Hum_XLOC_054195,Cell-type specific,,,,
Hum_XLOC_054394,Cell-type specific,ENSG00000185203,WASIR1,WASIR1,WASIR1
Hum_XLOC_054478,Cell-type specific,,,,
Hum_XLOC_054548,Cell-type specific,ENSG00000176728,TTTY14,TTTY14,TTTY14
Human_ID,group_day14,ENSEMBL_ID,HGNC symbol,hgnc_symbol,merged_hgnc
